,HCPL,HDIF,HEFF,HNDB,HPL,HPV,HTRP,HVOL,MI
HCPL,1.0,0.8292590609991267,0.9096304178062447,0.9949231731195181,0.9822287044780017,0.9763218878522553,0.9096304178062448,0.9949231731195173,-0.18009729726761645
HDIF,0.8292590609991267,1.0,0.8388777148652959,0.8421674557991141,0.9017879513919843,0.9119054824886033,0.8388777148652962,0.8421674557991135,-0.18649756126894185
HEFF,0.9096304178062447,0.8388777148652959,1.0,0.9346116419052055,0.9246099781036147,0.8933874661161715,1.0,0.9346116419052082,-0.17259332921653256
HNDB,0.9949231731195181,0.8421674557991141,0.9346116419052055,1.0,0.9891397540973134,0.972609168470147,0.9346116419052046,1.0,-0.19177901179079299
HPL,0.9822287044780017,0.9017879513919843,0.9246099781036147,0.9891397540973134,1.0,0.9911528079792994,0.9246099781036151,0.9891397540973134,-0.2158970521083746
HPV,0.9763218878522553,0.9119054824886033,0.8933874661161715,0.972609168470147,0.9911528079792994,1.0,0.8933874661161711,0.9726091684701462,-0.21566202846374166
HTRP,0.9096304178062448,0.8388777148652962,1.0,0.9346116419052046,0.9246099781036151,0.8933874661161711,1.0,0.934611641905208,-0.17259332921653095
HVOL,0.9949231731195173,0.8421674557991135,0.9346116419052082,1.0,0.9891397540973134,0.9726091684701462,0.934611641905208,1.0,-0.19177901179080195
MI,-0.18009729726761645,-0.18649756126894185,-0.17259332921653256,-0.19177901179079299,-0.2158970521083746,-0.21566202846374166,-0.17259332921653095,-0.19177901179080195,1.0
