,HCPL,HDIF,HEFF,HNDB,HPL,HPV,HTRP,HVOL,MI
count,102.0,102.0,102.0,102.0,102.0,102.0,102.0,102.0,102.0
mean,16.801103093526624,0.8735590106784139,158.3132482077616,0.011175480303676566,7.964695919152876,5.320762942622046,8.795180455986753,33.526440911030086,42.443124864339076
std,12.067180120693571,0.33387812777601233,150.6960405642194,0.008218668803393881,4.282465469719054,2.4178583881777804,8.37200225356773,24.656006410181696,12.789202173692294
min,2.904721720288656,0.20686791299011187,9.664271929100787,0.001827506538357316,1.7190476190476192,1.192063492063492,0.5369039960611591,5.482519615072019,1.1279878070298148
25%,9.659191418209224,0.6427135519671011,61.136367093673975,0.006371248989329815,5.420699810106406,3.8307232727472806,3.396464838537443,19.113746967991993,34.79016382746016
50%,14.957371476084928,0.8383400723179725,118.90032268152481,0.009502907463955747,7.165371612769402,4.988051582003518,6.605573482306819,28.508722391867487,41.51543173311269
75%,20.639919051564316,1.0700688845148845,208.32408194068182,0.01392403995433248,9.646676318668801,6.354427811353293,11.573560107815622,41.77211986299753,50.375115274619866
max,98.68665511709573,1.7806158309942948,803.8467050630394,0.06441241379034243,32.481944444444444,18.858333333333334,44.65815028127989,193.23724137102727,78.0077866532527
